"dataset","source","epoch","warmup_total","phase","train_loss","loss_ib","train_fused_or_both_acc","train_mod1_acc","train_mod2_acc","val_acc","val_mod1_acc","val_mod2_acc"
"Food","Food_v5/savepath/dml_food101/training.log","0","5","warmup","7.3388","0.0000","0.5976","0.3113","0.4320","0.82523","NA","NA"
"Food","Food_v5/savepath/dml_food101/training.log","1","5","warmup","3.2337","0.0000","0.9020","0.7974","0.6018","0.90641","NA","NA"
"Food","Food_v5/savepath/dml_food101/training.log","2","5","warmup","2.3931","0.0000","0.9400","0.8287","0.6932","0.91112","NA","NA"
"Food","Food_v5/savepath/dml_food101/training.log","3","5","warmup","1.8620","0.0000","0.9622","0.8389","0.7622","0.91094","NA","NA"
"Food","Food_v5/savepath/dml_food101/training.log","4","5","warmup","1.4818","0.0000","0.9757","0.8524","0.8185","0.90223","NA","NA"
"Food","Food_v5/savepath/dml_food101/training.log","5","5","kl_on","2.0265","0.6834","0.9816","0.8622","0.8700","0.91896","NA","NA"
"Food","Food_v5/savepath/dml_food101/training.log","6","5","kl_on","1.5211","0.4317","0.9881","0.8713","0.9032","0.90971","NA","NA"
"Food","Food_v5/savepath/dml_food101/training.log","7","5","kl_on","1.3162","0.3640","0.9906","0.8792","0.9198","0.91068","NA","NA"
"Food","Food_v5/savepath/dml_food101/training.log","8","5","kl_on","1.1893","0.3214","0.9916","0.8877","0.9276","0.91539","NA","NA"
"MVSA","MVSA_v5/savepath/dml_mvsa/training.log","0","10","warmup","3.1515","0.0000","0.5562","0.4698","0.5491","0.64162","NA","NA"
"MVSA","MVSA_v5/savepath/dml_mvsa/training.log","1","10","warmup","2.7169","0.0000","0.6251","0.4828","0.6407","0.63006","NA","NA"
"MVSA","MVSA_v5/savepath/dml_mvsa/training.log","2","10","warmup","2.6945","0.0000","0.6439","0.4938","0.6595","0.63776","NA","NA"
"MVSA","MVSA_v5/savepath/dml_mvsa/training.log","3","10","warmup","2.7200","0.0000","0.6628","0.4971","0.6712","0.65125","NA","NA"
"MVSA","MVSA_v5/savepath/dml_mvsa/training.log","4","10","warmup","1.6520","0.0000","0.8947","0.4977","0.9032","0.64547","NA","NA"
"MVSA","MVSA_v5/savepath/dml_mvsa/training.log","5","10","warmup","1.0220","0.0000","0.9877","0.5965","0.9955","0.73025","NA","NA"
"MVSA","MVSA_v5/savepath/dml_mvsa/training.log","6","10","warmup","0.7228","0.0000","0.9942","0.7492","0.9961","0.72640","NA","NA"
"MVSA","MVSA_v5/savepath/dml_mvsa/training.log","7","10","warmup","0.4479","0.0000","0.9955","0.8551","0.9981","0.76493","NA","NA"
"MVSA","MVSA_v5/savepath/dml_mvsa/training.log","8","10","warmup","0.2724","0.0000","0.9994","0.9110","0.9948","0.77649","NA","NA"
"MVSA","MVSA_v5/savepath/dml_mvsa/training.log","9","10","warmup","0.1933","0.0000","0.9981","0.9584","0.9955","0.74759","NA","NA"
"MVSA","MVSA_v5/savepath/dml_mvsa/training.log","10","10","kl_on","1.1252","0.9807","0.9981","0.9773","0.9896","0.78227","NA","NA"
"MVSA","MVSA_v5/savepath/dml_mvsa/training.log","11","10","kl_on","0.5317","0.4310","0.9974","0.9838","0.9955","0.79191","NA","NA"
"MVSA","MVSA_v5/savepath/dml_mvsa/training.log","12","10","kl_on","0.4874","0.3667","0.9974","0.9883","0.9987","0.80154","NA","NA"
"MVSA","MVSA_v5/savepath/dml_mvsa/training.log","13","10","kl_on","0.4301","0.3241","0.9981","0.9896","0.9948","0.79576","NA","NA"
"MVSA","MVSA_v5/savepath/dml_mvsa/training.log","14","10","kl_on","0.4462","0.3215","0.9974","0.9909","0.9831","0.80539","NA","NA"
"MVSA","MVSA_v5/savepath/dml_mvsa/training.log","15","10","kl_on","0.3643","0.2682","0.9968","0.9870","0.9968","0.79383","NA","NA"
"MVSA","MVSA_v5/savepath/dml_mvsa/training.log","16","10","kl_on","0.3223","0.2372","0.9974","0.9942","0.9929","0.79576","NA","NA"
"MVSA","MVSA_v5/savepath/dml_mvsa/training.log","17","10","kl_on","0.2555","0.1844","0.9974","0.9961","0.9981","0.80925","NA","NA"
"MVSA","MVSA_v5/savepath/dml_mvsa/training.log","18","10","kl_on","0.2297","0.1622","0.9981","0.9961","0.9955","0.77071","NA","NA"
"MVSA","MVSA_v5/savepath/dml_mvsa/training.log","19","10","kl_on","0.2359","0.1459","0.9981","0.9942","0.9961","0.79383","NA","NA"
"MVSA","MVSA_v5/savepath/dml_mvsa/training.log","20","10","kl_on","0.2709","0.1742","0.9981","0.9929","0.9825","0.81696","NA","NA"
"MVSA","MVSA_v5/savepath/dml_mvsa/training.log","21","10","kl_on","0.2819","0.1281","0.9948","0.9734","0.9961","0.77071","NA","NA"
"MVSA","MVSA_v5/savepath/dml_mvsa/training.log","22","10","kl_on","0.1878","0.1171","0.9981","0.9935","0.9987","0.79383","NA","NA"
"MVSA","MVSA_v5/savepath/dml_mvsa/training.log","23","10","kl_on","0.1787","0.1119","0.9981","0.9916","0.9974","0.77842","NA","NA"
"NYUD","RGB_v5/savepath/nyud/dml_nyu_seed0_lr0.00015/training.log","0","20","warmup","6.5520","0.0000","0.3186","0.2819","0.2807","0.4633","NA","NA"
"NYUD","RGB_v5/savepath/nyud/dml_nyu_seed0_lr0.00015/training.log","1","20","warmup","3.8360","0.0000","0.6296","0.6169","0.4956","0.6177","NA","NA"
"NYUD","RGB_v5/savepath/nyud/dml_nyu_seed0_lr0.00015/training.log","2","20","warmup","2.4992","0.0000","0.8003","0.7901","0.6220","0.6544","NA","NA"
"NYUD","RGB_v5/savepath/nyud/dml_nyu_seed0_lr0.00015/training.log","3","20","warmup","1.5199","0.0000","0.9229","0.9039","0.7876","0.6865","NA","NA"
"NYUD","RGB_v5/savepath/nyud/dml_nyu_seed0_lr0.00015/training.log","4","20","warmup","0.9055","0.0000","0.9772","0.9545","0.8660","0.6789","NA","NA"
"NYUD","RGB_v5/savepath/nyud/dml_nyu_seed0_lr0.00015/training.log","5","20","warmup","0.5046","0.0000","0.9937","0.9848","0.9229","0.6957","NA","NA"
"NYUD","RGB_v5/savepath/nyud/dml_nyu_seed0_lr0.00015/training.log","6","20","warmup","0.3396","0.0000","0.9975","0.9912","0.9494","0.6942","NA","NA"
"NYUD","RGB_v5/savepath/nyud/dml_nyu_seed0_lr0.00015/training.log","7","20","warmup","0.2029","0.0000","1.0000","0.9975","0.9671","0.6850","NA","NA"
"NYUD","RGB_v5/savepath/nyud/dml_nyu_seed0_lr0.00015/training.log","8","20","warmup","0.1794","0.0000","1.0000","0.9937","0.9823","0.6774","NA","NA"
"NYUD","RGB_v5/savepath/nyud/dml_nyu_seed0_lr0.00015/training.log","9","20","warmup","0.1196","0.0000","0.9987","0.9975","0.9912","0.6758","NA","NA"
"NYUD","RGB_v5/savepath/nyud/dml_nyu_seed0_lr0.00015/training.log","10","20","warmup","0.0808","0.0000","1.0000","0.9987","0.9937","0.6881","NA","NA"
"NYUD","RGB_v5/savepath/nyud/dml_nyu_seed0_lr0.00015/training.log","11","20","warmup","0.0640","0.0000","1.0000","0.9987","0.9962","0.6865","NA","NA"
"NYUD","RGB_v5/savepath/nyud/dml_nyu_seed0_lr0.00015/training.log","12","20","warmup","0.0507","0.0000","1.0000","1.0000","0.9987","0.7003","NA","NA"
"NYUD","RGB_v5/savepath/nyud/dml_nyu_seed0_lr0.00015/training.log","13","20","warmup","0.0520","0.0000","1.0000","1.0000","0.9975","0.7064","NA","NA"
"NYUD","RGB_v5/savepath/nyud/dml_nyu_seed0_lr0.00015/training.log","14","20","warmup","0.0318","0.0000","1.0000","1.0000","1.0000","0.6957","NA","NA"
"NYUD","RGB_v5/savepath/nyud/dml_nyu_seed0_lr0.00015/training.log","15","20","warmup","0.0307","0.0000","1.0000","1.0000","0.9987","0.6988","NA","NA"
"NYUD","RGB_v5/savepath/nyud/dml_nyu_seed0_lr0.00015/training.log","16","20","warmup","0.0244","0.0000","1.0000","1.0000","1.0000","0.6988","NA","NA"
"NYUD","RGB_v5/savepath/nyud/dml_nyu_seed0_lr0.00015/training.log","17","20","warmup","0.0298","0.0000","1.0000","1.0000","1.0000","0.7141","NA","NA"
"NYUD","RGB_v5/savepath/nyud/dml_nyu_seed0_lr0.00015/training.log","18","20","warmup","0.0148","0.0000","1.0000","1.0000","1.0000","0.7110","NA","NA"
"NYUD","RGB_v5/savepath/nyud/dml_nyu_seed0_lr0.00015/training.log","19","20","warmup","0.0203","0.0000","1.0000","1.0000","0.9987","0.7003","NA","NA"
"NYUD","RGB_v5/savepath/nyud/dml_nyu_seed0_lr0.00015/training.log","20","20","kl_on","0.0309","0.0095","1.0000","1.0000","0.9987","0.7095","NA","NA"
"NYUD","RGB_v5/savepath/nyud/dml_nyu_seed0_lr0.00015/training.log","21","20","kl_on","0.0303","0.0094","1.0000","1.0000","0.9975","0.6911","NA","NA"
"NYUD","RGB_v5/savepath/nyud/dml_nyu_seed0_lr0.00015/training.log","22","20","kl_on","0.0280","0.0095","1.0000","1.0000","0.9987","0.6896","NA","NA"
"NYUD","RGB_v5/savepath/nyud/dml_nyu_seed0_lr0.00015/training.log","23","20","kl_on","0.0237","0.0095","1.0000","1.0000","1.0000","0.6988","NA","NA"
"NYUD","RGB_v5/savepath/nyud/dml_nyu_seed0_lr0.00015/training.log","24","20","kl_on","0.0211","0.0095","1.0000","1.0000","1.0000","0.6927","NA","NA"
"NYUD","RGB_v5/savepath/nyud/dml_nyu_seed0_lr0.00015/training.log","25","20","kl_on","0.0208","0.0095","1.0000","1.0000","0.9987","0.7049","NA","NA"
"NYUD","RGB_v5/savepath/nyud/dml_nyu_seed0_lr0.00015/training.log","26","20","kl_on","0.0215","0.0095","1.0000","1.0000","1.0000","0.6942","NA","NA"
"NYUD","RGB_v5/savepath/nyud/dml_nyu_seed0_lr0.00015/training.log","27","20","kl_on","0.0215","0.0095","1.0000","1.0000","1.0000","0.6988","NA","NA"
"NYUD","RGB_v5/savepath/nyud/dml_nyu_seed0_lr0.00015/training.log","28","20","kl_on","0.0190","0.0095","1.0000","0.9987","1.0000","0.6881","NA","NA"
"NYUD","RGB_v5/savepath/nyud/dml_nyu_seed0_lr0.00015/training.log","29","20","kl_on","0.0246","0.0094","1.0000","1.0000","0.9987","0.7018","NA","NA"
"NYUD","RGB_v5/savepath/nyud/dml_nyu_seed0_lr0.00015/training.log","30","20","kl_on","0.0176","0.0095","1.0000","1.0000","1.0000","0.6896","NA","NA"
"SUN","RGB_v5/savepath/sun_rgbd/dml_sun_seed0_lr0.0001/training.log","0","20","warmup","5.9688","0.0000","0.4569","0.4298","0.3738","0.4904","NA","NA"
"SUN","RGB_v5/savepath/sun_rgbd/dml_sun_seed0_lr0.0001/training.log","1","20","warmup","3.5517","0.0000","0.6840","0.6651","0.5869","0.5600","NA","NA"
"SUN","RGB_v5/savepath/sun_rgbd/dml_sun_seed0_lr0.0001/training.log","2","20","warmup","2.4573","0.0000","0.7957","0.7797","0.6860","0.5778","NA","NA"
"SUN","RGB_v5/savepath/sun_rgbd/dml_sun_seed0_lr0.0001/training.log","3","20","warmup","1.7211","0.0000","0.8754","0.8604","0.7546","0.5973","NA","NA"
"SUN","RGB_v5/savepath/sun_rgbd/dml_sun_seed0_lr0.0001/training.log","4","20","warmup","1.1678","0.0000","0.9303","0.9133","0.8341","0.6040","NA","NA"
"SUN","RGB_v5/savepath/sun_rgbd/dml_sun_seed0_lr0.0001/training.log","5","20","warmup","0.7673","0.0000","0.9667","0.9530","0.8707","0.5999","NA","NA"
"SUN","RGB_v5/savepath/sun_rgbd/dml_sun_seed0_lr0.0001/training.log","6","20","warmup","0.4810","0.0000","0.9879","0.9794","0.9231","0.6100","NA","NA"
"SUN","RGB_v5/savepath/sun_rgbd/dml_sun_seed0_lr0.0001/training.log","7","20","warmup","0.3215","0.0000","0.9961","0.9861","0.9523","0.6134","NA","NA"
"SUN","RGB_v5/savepath/sun_rgbd/dml_sun_seed0_lr0.0001/training.log","8","20","warmup","0.2434","0.0000","0.9987","0.9902","0.9680","0.6038","NA","NA"
"SUN","RGB_v5/savepath/sun_rgbd/dml_sun_seed0_lr0.0001/training.log","9","20","warmup","0.1677","0.0000","0.9990","0.9954","0.9755","0.5903","NA","NA"
"SUN","RGB_v5/savepath/sun_rgbd/dml_sun_seed0_lr0.0001/training.log","10","20","warmup","0.1424","0.0000","0.9992","0.9938","0.9814","0.6044","NA","NA"
"SUN","RGB_v5/savepath/sun_rgbd/dml_sun_seed0_lr0.0001/training.log","11","20","warmup","0.0868","0.0000","1.0000","0.9972","0.9902","0.6068","NA","NA"
"SUN","RGB_v5/savepath/sun_rgbd/dml_sun_seed0_lr0.0001/training.log","12","20","warmup","0.0715","0.0000","1.0000","0.9990","0.9928","0.5954","NA","NA"
"SUN","RGB_v5/savepath/sun_rgbd/dml_sun_seed0_lr0.0001/training.log","13","20","warmup","0.0603","0.0000","1.0000","0.9987","0.9928","0.6104","NA","NA"
"SUN","RGB_v5/savepath/sun_rgbd/dml_sun_seed0_lr0.0001/training.log","14","20","warmup","0.0391","0.0000","0.9997","0.9992","0.9969","0.6076","NA","NA"
"SUN","RGB_v5/savepath/sun_rgbd/dml_sun_seed0_lr0.0001/training.log","15","20","warmup","0.0406","0.0000","0.9997","0.9992","0.9943","0.6059","NA","NA"
"SUN","RGB_v5/savepath/sun_rgbd/dml_sun_seed0_lr0.0001/training.log","16","20","warmup","0.0363","0.0000","1.0000","0.9990","0.9961","0.6066","NA","NA"
"SUN","RGB_v5/savepath/sun_rgbd/dml_sun_seed0_lr0.0001/training.log","17","20","warmup","0.0342","0.0000","1.0000","0.9990","0.9972","0.5965","NA","NA"
"SUN","RGB_v5/savepath/sun_rgbd/dml_sun_seed0_lr0.0001/training.log","18","20","warmup","0.0321","0.0000","0.9997","0.9992","0.9969","0.6053","NA","NA"
"SUN","RGB_v5/savepath/sun_rgbd/dml_sun_seed0_lr0.0001/training.log","19","20","warmup","0.0229","0.0000","1.0000","0.9992","0.9979","0.6096","NA","NA"
"SUN","RGB_v5/savepath/sun_rgbd/dml_sun_seed0_lr0.0001/training.log","20","20","kl_on","0.1272","0.1083","1.0000","0.9997","0.9985","0.6074","NA","NA"
"SUN","RGB_v5/savepath/sun_rgbd/dml_sun_seed0_lr0.0001/training.log","21","20","kl_on","0.1172","0.1034","1.0000","1.0000","0.9997","0.6018","NA","NA"
"SUN","RGB_v5/savepath/sun_rgbd/dml_sun_seed0_lr0.0001/training.log","22","20","kl_on","0.1144","0.0985","1.0000","1.0000","0.9990","0.6083","NA","NA"
"SUN","RGB_v5/savepath/sun_rgbd/dml_sun_seed0_lr0.0001/training.log","23","20","kl_on","0.1070","0.0943","1.0000","0.9997","1.0000","0.6064","NA","NA"
"SUN","RGB_v5/savepath/sun_rgbd/dml_sun_seed0_lr0.0001/training.log","24","20","kl_on","0.1044","0.0902","1.0000","0.9995","0.9997","0.6113","NA","NA"
"SUN","RGB_v5/savepath/sun_rgbd/dml_sun_seed0_lr0.0001/training.log","25","20","kl_on","0.0996","0.0862","1.0000","0.9995","1.0000","0.6003","NA","NA"
"SUN","RGB_v5/savepath/sun_rgbd/dml_sun_seed0_lr0.0001/training.log","26","20","kl_on","0.0975","0.0833","1.0000","1.0000","0.9990","0.6046","NA","NA"
"SUN","RGB_v5/savepath/sun_rgbd/dml_sun_seed0_lr0.0001/training.log","27","20","kl_on","0.0922","0.0798","1.0000","1.0000","1.0000","0.6027","NA","NA"
"SUN","RGB_v5/savepath/sun_rgbd/dml_sun_seed0_lr0.0001/training.log","28","20","kl_on","0.0913","0.0768","1.0000","0.9997","0.9997","0.6038","NA","NA"
"SUN","RGB_v5/savepath/sun_rgbd/dml_sun_seed0_lr0.0001/training.log","29","20","kl_on","0.0892","0.0742","1.0000","0.9997","0.9997","0.6006","NA","NA"
"SUN","RGB_v5/savepath/sun_rgbd/dml_sun_seed0_lr0.0001/training.log","30","20","kl_on","0.0851","0.0724","1.0000","0.9997","0.9995","0.6031","NA","NA"
"SUN","RGB_v5/savepath/sun_rgbd/dml_sun_seed0_lr0.0001/training.log","31","20","kl_on","0.0841","0.0718","1.0000","1.0000","0.9997","0.6081","NA","NA"
"SUN","RGB_v5/savepath/sun_rgbd/dml_sun_seed0_lr0.0001/training.log","32","20","kl_on","0.0827","0.0710","1.0000","0.9997","1.0000","0.6044","NA","NA"
"SUN","RGB_v5/savepath/sun_rgbd/dml_sun_seed0_lr0.0001/training.log","33","20","kl_on","0.0815","0.0699","1.0000","1.0000","1.0000","0.6053","NA","NA"
"SUN","RGB_v5/savepath/sun_rgbd/dml_sun_seed0_lr0.0001/training.log","34","20","kl_on","0.0812","0.0689","1.0000","1.0000","1.0000","0.6053","NA","NA"
"CREMAD","C:/Users/Administrator/.codex/attachments/06d6e86e-2aeb-4640-aaca-ae135ffd351f/pasted-text.txt","36","70","warmup","0.9463","0.0000","0.9932","0.9872","0.6633","0.6480","0.5671","0.4669"
"CREMAD","C:/Users/Administrator/.codex/attachments/06d6e86e-2aeb-4640-aaca-ae135ffd351f/pasted-text.txt","37","70","warmup","0.9158","0.0000","0.9963","0.9934","0.6652","0.6268","0.5504","0.4746"
"CREMAD","C:/Users/Administrator/.codex/attachments/06d6e86e-2aeb-4640-aaca-ae135ffd351f/pasted-text.txt","38","70","warmup","0.9039","0.0000","0.9927","0.9886","0.6875","0.6615","0.5857","0.4438"
"CREMAD","C:/Users/Administrator/.codex/attachments/06d6e86e-2aeb-4640-aaca-ae135ffd351f/pasted-text.txt","39","70","warmup","0.9430","0.0000","0.9899","0.9797","0.6763","0.6583","0.5639","0.5061"
"CREMAD","C:/Users/Administrator/.codex/attachments/06d6e86e-2aeb-4640-aaca-ae135ffd351f/pasted-text.txt","40","70","warmup","0.9747","0.0000","0.9867","0.9753","0.6708","0.6044","0.5401","0.4753"
"CREMAD","C:/Users/Administrator/.codex/attachments/06d6e86e-2aeb-4640-aaca-ae135ffd351f/pasted-text.txt","41","70","warmup","0.9572","0.0000","0.9879","0.9804","0.6771","0.6866","0.5857","0.5427"
"CREMAD","C:/Users/Administrator/.codex/attachments/06d6e86e-2aeb-4640-aaca-ae135ffd351f/pasted-text.txt","42","70","warmup","0.9052","0.0000","0.9920","0.9847","0.6804","0.6294","0.5620","0.4618"
"CREMAD","C:/Users/Administrator/.codex/attachments/06d6e86e-2aeb-4640-aaca-ae135ffd351f/pasted-text.txt","43","70","warmup","0.8599","0.0000","0.9973","0.9935","0.6833","0.6647","0.6012","0.4066"
"CREMAD","C:/Users/Administrator/.codex/attachments/06d6e86e-2aeb-4640-aaca-ae135ffd351f/pasted-text.txt","44","70","warmup","0.8577","0.0000","0.9952","0.9886","0.6940","0.6596","0.5639","0.4894"
"CREMAD","C:/Users/Administrator/.codex/attachments/06d6e86e-2aeb-4640-aaca-ae135ffd351f/pasted-text.txt","45","70","warmup","0.8511","0.0000","0.9978","0.9934","0.6839","0.6680","0.5857","0.4682"
"CREMAD","C:/Users/Administrator/.codex/attachments/06d6e86e-2aeb-4640-aaca-ae135ffd351f/pasted-text.txt","46","70","warmup","0.8178","0.0000","0.9973","0.9920","0.7051","0.6596","0.5857","0.4868"
"CREMAD","C:/Users/Administrator/.codex/attachments/06d6e86e-2aeb-4640-aaca-ae135ffd351f/pasted-text.txt","47","70","warmup","0.8349","0.0000","0.9966","0.9910","0.6943","0.5941","0.5222","0.4194"
"CREMAD","C:/Users/Administrator/.codex/attachments/06d6e86e-2aeb-4640-aaca-ae135ffd351f/pasted-text.txt","48","70","warmup","0.8224","0.0000","0.9969","0.9954","0.6984","0.6384","0.5890","0.3751"
"CREMAD","C:/Users/Administrator/.codex/attachments/06d6e86e-2aeb-4640-aaca-ae135ffd351f/pasted-text.txt","49","70","warmup","0.7993","0.0000","0.9986","0.9976","0.7027","0.6609","0.5838","0.4489"
"CREMAD","C:/Users/Administrator/.codex/attachments/06d6e86e-2aeb-4640-aaca-ae135ffd351f/pasted-text.txt","50","70","warmup","0.8155","0.0000","0.9973","0.9956","0.7069","0.6069","0.5382","0.4888"
"CREMAD","C:/Users/Administrator/.codex/attachments/06d6e86e-2aeb-4640-aaca-ae135ffd351f/pasted-text.txt","51","70","warmup","0.8395","0.0000","0.9925","0.9850","0.7063","0.6044","0.5446","0.4560"
"CREMAD","C:/Users/Administrator/.codex/attachments/06d6e86e-2aeb-4640-aaca-ae135ffd351f/pasted-text.txt","52","70","warmup","0.7910","0.0000","0.9976","0.9942","0.7149","0.6532","0.5806","0.5164"
"CREMAD","C:/Users/Administrator/.codex/attachments/06d6e86e-2aeb-4640-aaca-ae135ffd351f/pasted-text.txt","53","70","warmup","0.8012","0.0000","0.9957","0.9915","0.7126","0.6821","0.5639","0.4695"
"CREMAD","C:/Users/Administrator/.codex/attachments/06d6e86e-2aeb-4640-aaca-ae135ffd351f/pasted-text.txt","54","70","warmup","0.7950","0.0000","0.9963","0.9923","0.7080","0.6487","0.5491","0.5414"
"CREMAD","C:/Users/Administrator/.codex/attachments/06d6e86e-2aeb-4640-aaca-ae135ffd351f/pasted-text.txt","55","70","warmup","0.7877","0.0000","0.9963","0.9922","0.7206","0.6814","0.5986","0.4875"
"CREMAD","C:/Users/Administrator/.codex/attachments/06d6e86e-2aeb-4640-aaca-ae135ffd351f/pasted-text.txt","56","70","warmup","0.8039","0.0000","0.9961","0.9927","0.7107","0.6532","0.5793","0.5311"
"CREMAD","C:/Users/Administrator/.codex/attachments/06d6e86e-2aeb-4640-aaca-ae135ffd351f/pasted-text.txt","57","70","warmup","0.7764","0.0000","0.9959","0.9918","0.7131","0.6596","0.5780","0.4393"
"CREMAD","C:/Users/Administrator/.codex/attachments/06d6e86e-2aeb-4640-aaca-ae135ffd351f/pasted-text.txt","58","70","warmup","0.7704","0.0000","0.9973","0.9940","0.7221","0.6680","0.5870","0.4836"
"CREMAD","C:/Users/Administrator/.codex/attachments/06d6e86e-2aeb-4640-aaca-ae135ffd351f/pasted-text.txt","59","70","warmup","0.7640","0.0000","0.9968","0.9952","0.7228","0.6647","0.5755","0.4990"
"CREMAD","C:/Users/Administrator/.codex/attachments/06d6e86e-2aeb-4640-aaca-ae135ffd351f/pasted-text.txt","60","70","warmup","0.7450","0.0000","0.9983","0.9959","0.7253","0.6673","0.5973","0.5080"
"CREMAD","C:/Users/Administrator/.codex/attachments/06d6e86e-2aeb-4640-aaca-ae135ffd351f/pasted-text.txt","61","70","warmup","0.7314","0.0000","0.9978","0.9956","0.7313","0.6185","0.5408","0.4592"
"CREMAD","C:/Users/Administrator/.codex/attachments/06d6e86e-2aeb-4640-aaca-ae135ffd351f/pasted-text.txt","62","70","warmup","0.7875","0.0000","0.9966","0.9911","0.7248","0.6673","0.6037","0.4412"
"CREMAD","C:/Users/Administrator/.codex/attachments/06d6e86e-2aeb-4640-aaca-ae135ffd351f/pasted-text.txt","63","70","warmup","0.7293","0.0000","0.9981","0.9940","0.7350","0.6654","0.5478","0.5112"
"CREMAD","C:/Users/Administrator/.codex/attachments/06d6e86e-2aeb-4640-aaca-ae135ffd351f/pasted-text.txt","64","70","warmup","0.7831","0.0000","0.9930","0.9864","0.7328","0.6114","0.5106","0.4778"
"CREMAD","C:/Users/Administrator/.codex/attachments/06d6e86e-2aeb-4640-aaca-ae135ffd351f/pasted-text.txt","65","70","warmup","0.7492","0.0000","0.9976","0.9927","0.7332","0.6609","0.6057","0.4644"
"CREMAD","C:/Users/Administrator/.codex/attachments/06d6e86e-2aeb-4640-aaca-ae135ffd351f/pasted-text.txt","66","70","warmup","0.7331","0.0000","0.9969","0.9920","0.7345","0.6628","0.5947","0.4978"
"CREMAD","C:/Users/Administrator/.codex/attachments/06d6e86e-2aeb-4640-aaca-ae135ffd351f/pasted-text.txt","67","70","warmup","0.7237","0.0000","0.9973","0.9945","0.7425","0.5973","0.5485","0.4984"
"CREMAD","C:/Users/Administrator/.codex/attachments/06d6e86e-2aeb-4640-aaca-ae135ffd351f/pasted-text.txt","68","70","warmup","0.7145","0.0000","0.9973","0.9925","0.7425","0.6628","0.5594","0.4978"
"CREMAD","C:/Users/Administrator/.codex/attachments/06d6e86e-2aeb-4640-aaca-ae135ffd351f/pasted-text.txt","69","70","warmup","0.7367","0.0000","0.9980","0.9951","0.7318","0.6609","0.5652","0.4624"
"CREMAD","C:/Users/Administrator/.codex/attachments/06d6e86e-2aeb-4640-aaca-ae135ffd351f/pasted-text.txt","70","70","kl_on","0.7283","0.1408","0.9986","0.9976","0.7824","0.6808","0.5838","0.5003"
