dataset,experiment_name,timestamp,code_version_note,source_file,savedir,note,seed,lr,batch_sz,max_epochs,val_split_ratio,ib_beta,ib_eps_scale,ib_warmup_epochs,best_clean_epoch,best_clean_acc,clean_test,salt_pepper_lvl5,salt_pepper_lvl10,gaussian_lvl5,gaussian_lvl10,param_summary,remark
CREMA-D,dml_cremad_seed0_lr0.01,2026-06-10T04:53:03,v5,CREMAD_v5\savepath\CREMA-D\all_experiments.json,E:/Paper_Experiment/DML/DML_v1/CREMAD_v2/savepath/CREMA-D\dml_cremad_seed0_lr0.01,,0,0.01,16,100,,0.001,1.0,,7.0,0.5639049454078355,0.5639049454078355,0.5639049454078355,0.5645472061657033,0.5639049454078355,0.5639049454078355,seed=0; lr=0.01; batch=16; epochs=100; ib_beta=0.001; ib_eps_scale=1.0; warmup=None,
CREMA-D,dml_cremad_seed0_lr0.01,2026-06-10T17:33:55,v5,CREMAD_v5\savepath\CREMA-D\all_experiments.json,E:/Paper_Experiment/DML/DML_v1/CREMAD_v2/savepath/CREMA-D\dml_cremad_seed0_lr0.01,,0,0.01,16,100,,0.01,1.0,,3.0,0.4161849710982659,0.4161849710982659,0.41811175337186895,0.4193962748876044,0.4155427103403982,0.4168272318561336,seed=0; lr=0.01; batch=16; epochs=100; ib_beta=0.01; ib_eps_scale=1.0; warmup=None,
CREMA-D,dml_cremad_seed0_lr0.005,2026-06-10T19:02:17,v5,CREMAD_v5\savepath\CREMA-D\all_experiments.json,E:/Paper_Experiment/DML/DML_v1/CREMAD_v2/savepath/CREMA-D\dml_cremad_seed0_lr0.005,,0,0.005,16,100,,0.001,0.0,,4.0,0.5362877328195247,0.5362877328195247,0.5401412973667309,0.5414258188824663,0.5362877328195247,0.5362877328195247,seed=0; lr=0.005; batch=16; epochs=100; ib_beta=0.001; ib_eps_scale=0.0; warmup=None,
CREMA-D,dml_cremad_seed0_lr0.005,2026-06-13T13:03:42,warmup_param; CREMAD_v5 run appears saved under CREMAD_v2 path,CREMAD_v2\savepath\CREMA-D\all_experiments.json,E:/Paper_Experiment/DML/DML_v1/CREMAD_v2/savepath/CREMA-D\dml_cremad_seed0_lr0.005,,0,0.005,16,100,,0.001,0.0,30.0,33.0,0.7360308285163777,0.7360308285163777,0.6461143224149004,0.5112395632626846,0.7296082209377007,0.72703917790623,seed=0; lr=0.005; batch=16; epochs=100; ib_beta=0.001; ib_eps_scale=0.0; warmup=30,has ib_warmup_epochs; savedir points to CREMAD_v2 although this is the warmup-param CREMAD run
food101,dml_food101,2026-06-10T04:07:44,v5,Food_v5\savepath\all_experiments.json,e:\Paper_Experiment\DML\DML_v1\Food_v2\savepath\dml_food101,,1,3e-05,8,50,,0.001,1.0,,,0.9304014791336503,0.9304014791336503,0.830207783060398,0.5754094030639197,0.8083729529846804,0.5951311850677936,seed=1; lr=3e-05; batch=8; epochs=50; ib_beta=0.001; ib_eps_scale=1.0; warmup=None,
food101,dml_food101,2026-06-13T10:35:12,v5,Food_v5\savepath\all_experiments.json,e:\Paper_Experiment\DML\DML_v1\Food_v5\savepath\dml_food101,,1,3e-05,8,50,,0.001,1.0,5.0,,0.9189558020778306,0.9189558020778306,0.8486529318541997,0.60468392322592,0.8248811410459588,0.590112695897165,seed=1; lr=3e-05; batch=8; epochs=50; ib_beta=0.001; ib_eps_scale=1.0; warmup=5,has ib_warmup_epochs
mvsa,dml_mvsa,2026-06-05T01:52:35,v5,MVSA_v5\savepath\all_experiments.json,e:\Paper_Experiment\DML\DML_v1\MVSA_v2\savepath\dml_mvsa,,1,3e-05,32,50,,0.001,1.0,,,0.815028901734104,0.815028901734104,0.7495183044315993,0.6088631984585742,0.7302504816955684,0.5645472061657033,seed=1; lr=3e-05; batch=32; epochs=50; ib_beta=0.001; ib_eps_scale=1.0; warmup=None,
mvsa,dml_mvsa,2026-06-09T23:03:15,v5,MVSA_v5\savepath\all_experiments.json,e:\Paper_Experiment\DML\DML_v1\MVSA_v2\savepath\dml_mvsa,,1,3e-05,32,50,,0.001,1.0,,,0.8053949903660886,0.8053949903660886,0.7514450867052023,0.653179190751445,0.7302504816955684,0.5915221579961464,seed=1; lr=3e-05; batch=32; epochs=50; ib_beta=0.001; ib_eps_scale=1.0; warmup=None,
mvsa,dml_mvsa,2026-06-10T09:10:55,v5,MVSA_v5\savepath\all_experiments.json,e:\Paper_Experiment\DML\DML_v1\MVSA_v2\savepath\dml_mvsa,,1,3e-05,32,50,,0.01,1.0,,,0.7726396917148363,0.7726396917148363,0.7398843930635838,0.649325626204239,0.7052023121387283,0.5510597302504817,seed=1; lr=3e-05; batch=32; epochs=50; ib_beta=0.01; ib_eps_scale=1.0; warmup=None,
mvsa,dml_mvsa,2026-06-13T03:59:54,v5,MVSA_v5\savepath\all_experiments.json,e:\Paper_Experiment\DML\DML_v1\MVSA_v5\savepath\dml_mvsa,,1,3e-05,32,50,,0.001,1.0,10.0,,0.8169556840077071,0.8169556840077071,0.74373795761079,0.5664739884393064,0.7379576107899807,0.5741811175337187,seed=1; lr=3e-05; batch=32; epochs=50; ib_beta=0.001; ib_eps_scale=1.0; warmup=10,has ib_warmup_epochs
nyu,dml_nyu_seed0_lr0.00024,2026-05-26T11:08:51,v5,RGB_v5\savepath\nyud\all_experiments.json,e:\Paper_Experiment\DML\DML_v1\RGB\savepath\nyud\dml_nyu_seed0_lr0.00024,,0,0.00024,64,50,,,,,13.0,0.7186544342507645,0.7186544342507645,0.581039755351682,0.44036697247706424,0.6376146788990825,0.5718654434250765,seed=0; lr=0.00024; batch=64; epochs=50; ib_beta=None; ib_eps_scale=None; warmup=None,
nyu,dml_nyu_seed0_lr0.00024,2026-06-04T22:24:15,v5,RGB_v5\savepath\nyud\all_experiments.json,e:\Paper_Experiment\DML\DML_v1\RGB_v2\savepath\nyud\dml_nyu_seed0_lr0.00024,,0,0.00024,64,50,,0.001,1.0,,24.0,0.709480122324159,0.709480122324159,0.6039755351681957,0.45565749235474007,0.6207951070336392,0.5305810397553516,seed=0; lr=0.00024; batch=64; epochs=50; ib_beta=0.001; ib_eps_scale=1.0; warmup=None,
nyu,dml_nyu_seed0_lr0.00024,2026-06-09T21:45:50,v5,RGB_v5\savepath\nyud\all_experiments.json,e:\Paper_Experiment\DML\DML_v1\RGB_v2\savepath\nyud\dml_nyu_seed0_lr0.00024,,0,0.00024,64,50,,0.001,1.0,,4.0,0.6957186544342507,0.6957186544342507,0.555045871559633,0.44801223241590216,0.5948012232415902,0.4969418960244648,seed=0; lr=0.00024; batch=64; epochs=50; ib_beta=0.001; ib_eps_scale=1.0; warmup=None,
nyu,dml_nyu_seed0_lr0.00024,2026-06-10T08:23:14,v5,RGB_v5\savepath\nyud\all_experiments.json,e:\Paper_Experiment\DML\DML_v1\RGB_v2\savepath\nyud\dml_nyu_seed0_lr0.00024,,0,0.00024,64,50,,0.01,1.0,,4.0,0.6941896024464832,0.6941896024464832,0.5321100917431193,0.42813455657492355,0.6055045871559633,0.5091743119266054,seed=0; lr=0.00024; batch=64; epochs=50; ib_beta=0.01; ib_eps_scale=1.0; warmup=None,
nyu,dml_nyu_seed0_lr0.00024,2026-06-12T14:58:55,v5,RGB_v5\savepath\nyud\all_experiments.json,e:\Paper_Experiment\DML\DML_v1\RGB_v5\savepath\nyud\dml_nyu_seed0_lr0.00024,,0,0.00024,64,50,,0.001,1.0,,5.0,0.6896024464831805,0.6896024464831805,0.5489296636085627,0.42048929663608564,0.6085626911314985,0.5382262996941896,seed=0; lr=0.00024; batch=64; epochs=50; ib_beta=0.001; ib_eps_scale=1.0; warmup=None,
nyu,dml_nyu_seed0_lr0.00024,2026-06-12T15:19:37,v5,RGB_v5\savepath\nyud\all_experiments.json,e:\Paper_Experiment\DML\DML_v1\RGB_v5\savepath\nyud\dml_nyu_seed0_lr0.00024,,0,0.00024,64,50,,0.0001,1.0,,10.0,0.7003058103975535,0.7003058103975535,0.5672782874617737,0.38685015290519875,0.6299694189602446,0.5902140672782875,seed=0; lr=0.00024; batch=64; epochs=50; ib_beta=0.0001; ib_eps_scale=1.0; warmup=None,
nyu,dml_nyu_seed0_lr0.0001,2026-06-12T16:20:42,v5,RGB_v5\savepath\nyud\all_experiments.json,e:\Paper_Experiment\DML\DML_v1\RGB_v5\savepath\nyud\dml_nyu_seed0_lr0.0001,,0,0.0001,64,50,,0.0001,1.0,,8.0,0.6941896024464832,0.6941896024464832,0.5535168195718655,0.38990825688073394,0.5718654434250765,0.4984709480122324,seed=0; lr=0.0001; batch=64; epochs=50; ib_beta=0.0001; ib_eps_scale=1.0; warmup=None,
nyu,dml_nyu_seed0_lr0.00015,2026-06-12T16:33:49,v5,RGB_v5\savepath\nyud\all_experiments.json,e:\Paper_Experiment\DML\DML_v1\RGB_v5\savepath\nyud\dml_nyu_seed0_lr0.00015,,0,0.00015,64,50,,0.0001,1.0,,6.0,0.6987767584097859,0.6987767584097859,0.5489296636085627,0.37155963302752293,0.5840978593272171,0.5122324159021406,seed=0; lr=0.00015; batch=64; epochs=50; ib_beta=0.0001; ib_eps_scale=1.0; warmup=None,
nyu,dml_nyu_seed0_lr0.00015,2026-06-12T16:46:33,v5,RGB_v5\savepath\nyud\all_experiments.json,e:\Paper_Experiment\DML\DML_v1\RGB_v5\savepath\nyud\dml_nyu_seed0_lr0.00015,,0,0.00015,64,50,,1e-05,1.0,,6.0,0.7048929663608563,0.7048929663608563,0.5458715596330275,0.37767584097859325,0.5902140672782875,0.5229357798165137,seed=0; lr=0.00015; batch=64; epochs=50; ib_beta=1e-05; ib_eps_scale=1.0; warmup=None,
nyu,dml_nyu_seed0_lr0.00015,2026-06-13T00:33:28,v5,RGB_v5\savepath\nyud\all_experiments.json,e:\Paper_Experiment\DML\DML_v1\RGB_v5\savepath\nyud\dml_nyu_seed0_lr0.00015,,0,0.00015,64,50,,1e-05,1.0,20.0,20.0,0.709480122324159,0.709480122324159,0.5458715596330275,0.42966360856269115,0.6253822629969419,0.5428134556574924,seed=0; lr=0.00015; batch=64; epochs=50; ib_beta=1e-05; ib_eps_scale=1.0; warmup=20,has ib_warmup_epochs
sun,dml_sun_seed0_lr0.00024,2026-05-26T12:23:57,v5,RGB_v5\savepath\sun_rgbd\all_experiments.json,e:\Paper_Experiment\DML\DML_v1\RGB\savepath\sun_rgbd\dml_sun_seed0_lr0.00024,,0,0.00024,64,50,,,,,47.0,0.6207340631036703,0.6207340631036703,0.4769263790512986,0.35587035844601844,0.4996780424983902,0.39364670530156687,seed=0; lr=0.00024; batch=64; epochs=50; ib_beta=None; ib_eps_scale=None; warmup=None,
sun,dml_sun_seed0_lr0.00024,2026-06-04T23:33:26,v5,RGB_v5\savepath\sun_rgbd\all_experiments.json,e:\Paper_Experiment\DML\DML_v1\RGB_v2\savepath\sun_rgbd\dml_sun_seed0_lr0.00024,,0,0.00024,64,50,,0.001,1.0,,42.0,0.6228804464477355,0.6228804464477355,0.5348787293410603,0.42820347714101736,0.532303069328182,0.4874436574372183,seed=0; lr=0.00024; batch=64; epochs=50; ib_beta=0.001; ib_eps_scale=1.0; warmup=None,
sun,dml_sun_seed0_lr0.00024,2026-06-09T22:06:16,v5,RGB_v5\savepath\sun_rgbd\all_experiments.json,e:\Paper_Experiment\DML\DML_v1\RGB_v2\savepath\sun_rgbd\dml_sun_seed0_lr0.00024,,0,0.00024,64,50,0.2,0.001,1.0,,9.0,0.6031337196823353,0.6031337196823353,0.5168491092509122,0.4063103670315518,0.5262931959647993,0.4709165056879159,seed=0; lr=0.00024; batch=64; epochs=50; ib_beta=0.001; ib_eps_scale=1.0; warmup=None,
sun,dml_sun_seed0_lr0.00024,2026-06-10T08:38:42,v5,RGB_v5\savepath\sun_rgbd\all_experiments.json,e:\Paper_Experiment\DML\DML_v1\RGB_v2\savepath\sun_rgbd\dml_sun_seed0_lr0.00024,,0,0.00024,64,50,0.2,0.01,1.0,,5.0,0.5984116763253917,0.5984116763253917,0.49495599914144667,0.3872075552693711,0.49753165915432496,0.4601845889675896,seed=0; lr=0.00024; batch=64; epochs=50; ib_beta=0.01; ib_eps_scale=1.0; warmup=None,
sun,dml_sun_seed0_lr0.00024,2026-06-12T15:36:41,v5,RGB_v5\savepath\sun_rgbd\all_experiments.json,e:\Paper_Experiment\DML\DML_v1\RGB_v5\savepath\sun_rgbd\dml_sun_seed0_lr0.00024,,0,0.00024,64,50,0.2,0.0001,1.0,,2.0,0.591972526293196,0.591972526293196,0.49881948916076413,0.38935393861343637,0.4936681691350075,0.4316376904915218,seed=0; lr=0.00024; batch=64; epochs=50; ib_beta=0.0001; ib_eps_scale=1.0; warmup=None,
sun,dml_sun_seed0_lr0.0001,2026-06-12T16:07:02,v5,RGB_v5\savepath\sun_rgbd\all_experiments.json,e:\Paper_Experiment\DML\DML_v1\RGB_v5\savepath\sun_rgbd\dml_sun_seed0_lr0.0001,,0,0.0001,64,50,0.2,0.0001,1.0,,7.0,0.613650998068255,0.613650998068255,0.5052586391929599,0.4007297703369822,0.48722901910281174,0.4213350504400086,seed=0; lr=0.0001; batch=64; epochs=50; ib_beta=0.0001; ib_eps_scale=1.0; warmup=None,
sun,dml_sun_seed0_lr0.0001,2026-06-13T01:22:30,v5,RGB_v5\savepath\sun_rgbd\all_experiments.json,e:\Paper_Experiment\DML\DML_v1\RGB_v5\savepath\sun_rgbd\dml_sun_seed0_lr0.0001,,0,0.0001,64,50,0.2,0.0001,1.0,20.0,24.0,0.6112899763897832,0.6112899763897832,0.48722901910281174,0.3535093367675467,0.4994634041639837,0.4260570937969521,seed=0; lr=0.0001; batch=64; epochs=50; ib_beta=0.0001; ib_eps_scale=1.0; warmup=20,has ib_warmup_epochs
